name,phone,email,address
Macon Willis,+201501075737,maconwillis3150@aol.ca,1033 Lectus Rd.
Amelia Contreras,+201166764428,ameliacontreras8727@outlook.ca,"P.O. Box 199, 6962 Ullamcorper Road"
Tyler Little,+201216689136,tylerlittle9097@yahoo.net,Ap #319-8708 Varius. Ave
Priscilla Reid,+201026187331,priscillareid453@google.edu,Ap #938-9068 Pede. Rd.
Jacob Scott,+201224333720,jacobscott@yahoo.net,Ap #356-5792 Luctus St.
Sylvester West,+201002228313,sylvesterwest@aol.edu,Ap #933-1661 Donec Road
Amena Butler,+201599568221,amenabutler7863@hotmail.net,Ap #930-8230 In Avenue
Zephania Garza,+201081226449,zephaniagarza@outlook.net,"P.O. Box 556, 1157 Facilisis, Avenue"
Russell Cook,+201125834466,russellcook@hotmail.ca,821-4172 Erat. Road
Chanda Day,+201077843553,chandaday6459@google.net,356-1756 Malesuada Rd.
Jesse Schmidt,+201041452346,jesseschmidt@icloud.net,860-1320 Velit Ave
Miranda Riley,+201040394846,mirandariley7043@icloud.com,"289-4085 Quis, St."
Jordan George,+201007694262,jordangeorge@protonmail.org,Ap #106-7803 Eu Road
Aretha Cunningham,+201087037418,arethacunningham@yahoo.couk,Ap #334-2201 Lectus Ave
Vanna Burton,+201506685252,vannaburton@google.com,518-4640 Mollis. St.
Ira Romero,+201063715842,iraromero@icloud.ca,Ap #508-5698 Adipiscing Avenue
Dorothy Turner,+201038057017,dorothyturner@aol.com,"P.O. Box 783, 4202 Accumsan St."
Wyatt Freeman,+201572519265,wyattfreeman@icloud.com,Ap #618-3747 Ipsum Road
Orlando Reed,+201161307413,orlandoreed8047@protonmail.couk,Ap #103-1680 Urna. Rd.
Chanda Garrett,+201549525282,chandagarrett@google.edu,"371-2467 Convallis, Avenue"
Colette Davis,+201182783785,colettedavis7916@aol.com,"P.O. Box 931, 1958 Convallis Av."
Sharon Carroll,+201566962188,sharoncarroll@yahoo.com,Ap #246-2018 Dignissim St.
Nicholas Patel,+201278366638,nicholaspatel1338@aol.edu,478-2653 A St.
Louis Wong,+201246352723,louiswong@hotmail.edu,8017 Integer St.
Moses Ortega,+201297071157,mosesortega@icloud.org,648-4309 Curabitur St.
Leigh Morris,+201500333767,leighmorris4673@google.net,"P.O. Box 499, 9322 Cras Rd."
Lester Aguilar,+201052113868,lesteraguilar@protonmail.couk,"Ap #407-6292 A, Rd."
Jarrod Stephens,+201264252429,jarrodstephens8531@icloud.com,3510 Luctus. Av.
Cherokee Moreno,+201128735616,cherokeemoreno@hotmail.edu,"P.O. Box 355, 8476 Cursus Av."
Aphrodite Mitchell,+201021690472,aphroditemitchell640@hotmail.com,140-1073 A St.
Cherokee Johnston,+201025317788,cherokeejohnston@hotmail.com,"P.O. Box 498, 8066 Magnis Rd."
Ayanna Franklin,+201507414780,ayannafranklin@outlook.net,471-9973 Posuere St.
Charity Medina,+201064932962,charitymedina2355@yahoo.org,"1358 Fringilla, Street"
Olympia Nunez,+201227468792,olympianunez@hotmail.com,"976-156 A, Road"
Uriel Mccoy,+201532273405,urielmccoy@hotmail.couk,"P.O. Box 985, 2411 Vel Rd."
Adrian Montgomery,+201027461542,adrianmontgomery@protonmail.net,"P.O. Box 854, 3625 Ornare, Street"
Nola Lynch,+201537386342,nolalynch@google.edu,"P.O. Box 238, 2703 Ut, Street"
Kylee Reynolds,+201543526668,kyleereynolds1811@icloud.couk,977-6592 Nullam Avenue
Burke Franklin,+201016305242,burkefranklin@outlook.net,"P.O. Box 914, 2060 Odio. Rd."
Ora Reyes,+201053687967,orareyes@icloud.org,"P.O. Box 217, 3179 Augue Ave"
Hollee Griffin,+201266582889,holleegriffin@yahoo.couk,7747 Ut Rd.
Craig Perez,+201566166435,craigperez@icloud.ca,238-1839 Ipsum Avenue
Amber Russell,+201563603454,amberrussell6813@aol.ca,Ap #723-6643 Nullam Street
Sonia Romero,+201506418277,soniaromero6978@protonmail.edu,448-1024 Vel Street
Aristotle Baker,+201172161682,aristotlebaker@protonmail.ca,680-486 Massa. St.
Porter Cunningham,+201586174044,portercunningham1674@google.couk,"P.O. Box 231, 7655 In, St."
Conan Russell,+201286427653,conanrussell8065@yahoo.couk,883-1333 Malesuada Street
Kalia Weaver,+201243488443,kaliaweaver@outlook.edu,"P.O. Box 469, 362 Sed Rd."
Craig Hall,+201027722149,craighall1367@google.net,719-6591 Pellentesque Rd.
Neville Williams,+201241988681,nevillewilliams@hotmail.ca,Ap #294-1788 Lacus. Street
Jeanette Mendoza,+201551053637,jeanettemendoza@yahoo.com,Ap #273-1572 Non St.
Grace Larson,+201213172848,gracelarson@outlook.net,275-2562 Etiam St.
Dominic Reed,+201539026095,dominicreed2897@google.couk,Ap #547-4436 Laoreet St.
Camilla Fuller,+201232741691,camillafuller@hotmail.com,317-9876 Nullam Rd.
Zachery James,+201175471648,zacheryjames4209@hotmail.couk,"P.O. Box 352, 9046 Elementum Av."
Martin Lucas,+201216706234,martinlucas8533@protonmail.edu,"P.O. Box 789, 5781 Iaculis Road"
Daniel Harrison,+201562925888,danielharrison@protonmail.edu,Ap #395-8868 Mauris St.
Wynter Webb,+201061421486,wynterwebb3761@google.net,Ap #213-1066 Mauris Avenue
Timothy Lopez,+201117181628,timothylopez3453@icloud.edu,Ap #547-9004 Quisque Av.
Hyatt Harris,+201143385888,hyattharris4565@protonmail.com,6007 Massa. Street
Martena Brooks,+201527774532,martenabrooks@protonmail.ca,494-783 At Avenue
Yuli Watson,+201175866620,yuliwatson268@protonmail.ca,"P.O. Box 223, 2819 Magna. Rd."
Wesley Anderson,+201021867485,wesleyanderson6749@outlook.couk,627-8425 A Street
Maisie Wong,+201518541433,maisiewong@hotmail.org,170-8756 Blandit Street
Ulysses Fuller,+201513763133,ulyssesfuller9536@google.net,"P.O. Box 585, 6067 Donec Road"
Jana Cook,+201286244425,janacook@icloud.edu,Ap #107-5023 Faucibus Rd.
Hedwig Willis,+201039332205,hedwigwillis1284@aol.net,"P.O. Box 772, 9507 Massa Street"
Sage Larson,+201262031719,sagelarson@hotmail.couk,791-1276 Eu St.
Daphne Adams,+201578770661,daphneadams2690@protonmail.edu,982-4450 Sed Rd.
Xanthus Le,+201584625913,xanthusle@outlook.net,"Ap #926-5561 Lorem, Rd."
Irma Reed,+201196631611,irmareed2023@google.net,"P.O. Box 212, 4173 Dictum Ave"
Shellie Santiago,+201502898221,shelliesantiago@protonmail.net,739-3339 Risus. Street
Venus Tran,+201118171337,venustran1680@google.com,102-3918 Ligula Av.
Perry Myers,+201028454741,perrymyers@google.ca,Ap #701-3073 Interdum. Avenue
Kiona Powell,+201279567541,kionapowell@outlook.net,"P.O. Box 512, 8795 Placerat, Street"
Graham Harrison,+201227472416,grahamharrison2040@google.org,Ap #790-3751 Augue. Rd.
Caldwell Washington,+201026514488,caldwellwashington@protonmail.com,9007 Fringilla Rd.
Celeste Carlson,+201577351973,celestecarlson@outlook.edu,"Ap #574-7750 Rutrum, Rd."
Jordan Harper,+201048200124,jordanharper@icloud.net,"P.O. Box 203, 9574 Vivamus St."
Regina Wong,+201519584155,reginawong9305@google.ca,"383-8896 Auctor, St."
Lars Contreras,+201186414959,larscontreras@hotmail.edu,652-2479 Non Rd.
Clementine Armstrong,+201565410484,clementinearmstrong8309@yahoo.couk,Ap #893-3425 Malesuada St.
Alfonso White,+201576116418,alfonsowhite9008@google.com,321-1233 Convallis Street
Trevor Henry,+201070832127,trevorhenry@aol.org,"P.O. Box 980, 7072 Vivamus St."
Chanda Tran,+201135673484,chandatran@yahoo.net,Ap #277-2897 Vitae Road
Timothy Valdez,+201148009132,timothyvaldez8213@google.net,"P.O. Box 626, 5938 Pede, Av."
Mia Young,+201096243653,miayoung6630@yahoo.ca,"P.O. Box 962, 8798 Pharetra Street"
Hilel Hanson,+201273447263,hilelhanson@aol.ca,Ap #861-8162 Sem Rd.
Rana Rivera,+201097145749,ranarivera@google.net,"8888 Et, Road"
Igor Anderson,+201565115444,igoranderson@outlook.edu,Ap #426-9083 Arcu. Rd.
Lani Garza,+201065679116,lanigarza190@google.net,219-4156 Sem St.
Georgia Freeman,+201257442234,georgiafreeman5802@aol.ca,"P.O. Box 859, 4986 Nisl. Ave"
Montana Yang,+201068741640,montanayang986@icloud.couk,528-399 Natoque Street
Vance Kelly,+201285682745,vancekelly6268@outlook.ca,823-5490 Nam Street
Fritz Clark,+201552483737,fritzclark@icloud.net,7457 Proin St.
Erin Nichols,+201082702342,erinnichols3788@icloud.edu,532-4971 Adipiscing Street
Nathaniel Jackson,+201185718420,nathanieljackson8445@yahoo.net,"P.O. Box 715, 6083 Magna. Ave"
Aphrodite Montgomery,+201017380590,aphroditemontgomery8041@hotmail.couk,Ap #312-5167 Nam Rd.
Malcolm Gilbert,+201123145314,malcolmgilbert@yahoo.net,6721 Euismod Road
Iona Rodriguez,+201537794003,ionarodriguez@icloud.edu,"410-7101 Id, St."
Zena Hamilton,+201166587235,zenahamilton@hotmail.org,"816-4631 A, St."
Rhiannon Warren,+201017198291,rhiannonwarren2534@hotmail.couk,Ap #796-7693 Ridiculus St.
Rosalyn Nunez,+201022419626,rosalynnunez@yahoo.ca,"P.O. Box 803, 7315 In Ave"
Graiden Wood,+201141633373,graidenwood@google.edu,Ap #303-2616 Euismod Av.
Magee Chavez,+201555053226,mageechavez2680@protonmail.ca,704 Quisque Rd.
Germaine Nelson,+201155945432,germainenelson3335@protonmail.net,"P.O. Box 892, 7219 Orci, St."
Azalia George,+201117256192,azaliageorge@yahoo.org,Ap #684-6420 Nam Street
Xena Murray,+201177435181,xenamurray1749@outlook.com,Ap #225-2217 Dictum. Avenue
Ava Foster,+201022133142,avafoster5801@yahoo.couk,"Ap #927-3351 In, Street"
Katelyn White,+201510872111,katelynwhite@protonmail.net,"P.O. Box 111, 7221 Aliquam St."
Erica Sanchez,+201076432171,ericasanchez4069@aol.org,"Ap #286-2989 Elit, Street"
Gillian Porter,+201102238455,gillianporter@hotmail.ca,793-4508 Mauris Avenue
Kylan Delgado,+201524528035,kylandelgado2505@hotmail.net,Ap #573-7575 Sit Avenue
Jacob Bishop,+201572243528,jacobbishop@hotmail.net,225-2675 Risus. Ave
Garth Santos,+201078228266,garthsantos@hotmail.couk,"P.O. Box 777, 7120 Risus Rd."
Aidan Ward,+201184915712,aidanward7425@hotmail.net,"P.O. Box 643, 5983 Ut St."
Branden Bryant,+201585642721,brandenbryant2656@google.com,3038 Velit Rd.
Len Lawson,+201028498422,lenlawson@protonmail.ca,907-9054 Velit Av.
Jamalia Myers,+201231767437,jamaliamyers5527@protonmail.net,"P.O. Box 445, 8277 Et, Rd."
Rashad Morgan,+201017240773,rashadmorgan@hotmail.com,Ap #155-2981 Cras Street
Nyssa Scott,+201137384879,nyssascott3441@protonmail.org,852-5202 Arcu. Rd.
Whoopi Maldonado,+201003185704,whoopimaldonado@protonmail.net,9435 Mauris Av.
Nissim Meyer,+201075255749,nissimmeyer@yahoo.net,665-2170 Non Street
Serena Carlson,+201041963394,serenacarlson@protonmail.com,3165 Ut Road
Micah Graham,+201514583420,micahgraham7132@google.edu,771-6869 Cras Road
Jessica Harrison,+201245542793,jessicaharrison@aol.edu,"P.O. Box 128, 5310 Aliquam Ave"
Francesca Nguyen,+201151138443,francescanguyen1871@yahoo.ca,Ap #214-3987 Amet Street
Chaney Ramirez,+201532694583,chaneyramirez@protonmail.net,Ap #217-9351 Luctus Rd.
Brady Ryan,+201541316221,bradyryan@protonmail.com,"Ap #454-9578 Et, Road"
Ivana Martin,+201067953810,ivanamartin5659@google.net,Ap #392-2349 Mauris. St.
Harrison Chavez,+201078506243,harrisonchavez@yahoo.com,"P.O. Box 719, 1170 Arcu Rd."
Kaitlin Morgan,+201546136842,kaitlinmorgan@google.org,Ap #598-9733 Ullamcorper. St.
Mira Bryant,+201533340631,mirabryant9642@hotmail.net,"P.O. Box 731, 531 Vel Avenue"
Keefe Sanchez,+201047768136,keefesanchez7802@hotmail.edu,762-1588 Ante. Rd.
Darryl Fisher,+201533889141,darrylfisher@protonmail.org,Ap #471-5484 Ante. St.
Quinn Hanson,+201147768778,quinnhanson8556@aol.com,Ap #621-4074 Nec St.
Kiayada Hayes,+201013568375,kiayadahayes@yahoo.net,Ap #552-6475 Aenean Ave
Quynn Gibson,+201180468833,quynngibson5765@icloud.net,Ap #852-5440 Non St.
Walker Ryan,+201143137633,walkerryan9786@icloud.ca,141-9174 Arcu. Av.
Raymond Richards,+201573558385,raymondrichards8620@aol.net,881-3286 Consequat Rd.
Nash Dean,+201277297644,nashdean9079@yahoo.couk,Ap #110-9245 Metus. St.
Rowan Martinez,+201000320150,rowanmartinez@yahoo.org,Ap #996-4019 Lectus Street
Rahim Garza,+201209832856,rahimgarza3229@icloud.couk,957-2567 Sed Road
Hammett Nichols,+201512369698,hammettnichols@google.net,"780-8372 Lacus, St."
Ella Padilla,+201062916839,ellapadilla@aol.ca,Ap #657-2378 Adipiscing Rd.
Ivan Warren,+201229165468,ivanwarren1151@aol.ca,908-8670 Nullam Street
Lois Welch,+201017211604,loiswelch541@aol.org,"P.O. Box 378, 2170 Augue Rd."
Jeanette Dominguez,+201163651328,jeanettedominguez74@icloud.couk,332-7654 Nunc Avenue
August Hernandez,+201532938475,augusthernandez@outlook.edu,"1322 Ac, Ave"
Raja Robertson,+201288377448,rajarobertson@aol.org,Ap #386-8510 Bibendum. Road
Ulysses Fields,+201517335350,ulyssesfields4621@hotmail.org,792-8207 Arcu. Rd.
Tad Banks,+201201057360,tadbanks@yahoo.couk,"P.O. Box 707, 5246 Nibh Rd."
Nathan Wood,+201040261767,nathanwood@hotmail.ca,"501-3965 Amet, Avenue"
Amity Hernandez,+201246896055,amityhernandez759@icloud.net,Ap #898-5709 Rhoncus. Road
Zephania Tran,+201133568114,zephaniatran7585@aol.com,"P.O. Box 177, 874 Eu St."
Tatiana Holmes,+201237787154,tatianaholmes2982@aol.net,Ap #688-4429 Donec Rd.
Oren Mitchell,+201059129851,orenmitchell8981@google.net,Ap #792-1596 Ac Avenue
Graham Evans,+201554682301,grahamevans@aol.org,658-4111 Eros Avenue
Yael Woods,+201211467570,yaelwoods@google.org,"P.O. Box 591, 7425 Elit, Rd."
Jermaine Reyes,+201079482780,jermainereyes@aol.net,Ap #567-9257 Mauris St.
Davis Little,+201121588766,davislittle@google.net,326-8273 Et Rd.
Ima Lucas,+201503705897,imalucas1894@icloud.couk,1618 Leo. St.
Ciaran Cruz,+201285444176,ciarancruz9100@hotmail.edu,1359 Ornare Rd.
Charlotte Marshall,+201552103318,charlottemarshall6818@protonmail.couk,"836-5239 Magna, St."
Molly Marquez,+201066849318,mollymarquez@google.ca,"P.O. Box 333, 998 Nisi. Road"
Lionel Dean,+201048865632,lioneldean@outlook.couk,616-4565 Posuere St.
Rhea Washington,+201265163683,rheawashington3523@icloud.couk,"P.O. Box 209, 5198 Ridiculus Avenue"
Slade Cruz,+201025217212,sladecruz@hotmail.ca,"110-5174 Non, Rd."
Nathan Mendez,+201563487100,nathanmendez9411@yahoo.edu,9904 Integer St.
Chelsea Fox,+201003847882,chelseafox@yahoo.couk,"Ap #492-5665 Suscipit, Rd."
Irene Baker,+201186167398,irenebaker@yahoo.org,"P.O. Box 769, 4194 Vitae Av."
Rowan Watson,+201251686172,rowanwatson@outlook.net,Ap #877-756 Faucibus Road
Gareth Rivera,+201012016745,garethrivera@yahoo.ca,6761 Vehicula. Ave
Mark Warren,+201195467635,markwarren4452@hotmail.com,4467 Quisque Road
Kibo Watkins,+201028666596,kibowatkins3369@aol.edu,Ap #918-8910 Et St.
Jakeem Lynch,+201214063856,jakeemlynch3401@yahoo.com,159-8770 Ante Road
Marshall Hall,+201569681769,marshallhall7692@outlook.com,267 Dictum Street
Constance Mendez,+201212845154,constancemendez@aol.edu,"293-5098 Nec, Rd."
Micah Kelley,+201257700953,micahkelley1138@hotmail.couk,144-7657 Sit Street
Steel Ferguson,+201262719728,steelferguson@icloud.edu,218-2398 Sociis Avenue
Isabella Ryan,+201575311873,isabellaryan@google.couk,"P.O. Box 285, 9046 A Rd."
Amos Reid,+201067364495,amosreid9924@icloud.org,"P.O. Box 791, 3711 Nisi Rd."
Fleur Turner,+201544366491,fleurturner@yahoo.ca,7231 Donec Rd.
Adrian Campbell,+201225080032,adriancampbell@outlook.net,Ap #108-1312 Nullam Street
Walker Ortega,+201560553189,walkerortega@yahoo.com,757-4824 Scelerisque Rd.
Sade Chapman,+201547311546,sadechapman6508@protonmail.com,817-1830 Luctus. St.
Justine Singh,+201073724274,justinesingh@aol.com,Ap #559-8920 Id Av.
Carla Moore,+201083384773,carlamoore@icloud.com,"P.O. Box 861, 7273 Odio Rd."
Yardley Morales,+201186759135,yardleymorales@outlook.org,686-967 Cras Road
Fuller Fisher,+201077722113,fullerfisher3172@hotmail.com,348-3611 Libero Av.
Ciaran Burns,+201528223802,ciaranburns9608@aol.edu,Ap #632-3775 Lobortis Ave
Linda Butler,+201297890736,lindabutler@protonmail.com,"669-1750 Eu, Ave"
Salvador Rodriguez,+201567318551,salvadorrodriguez4636@protonmail.edu,164-7742 Etiam St.
Kirestin Gilbert,+201575569227,kirestingilbert4451@yahoo.org,185-9469 Magna. Rd.
Orson Lee,+201034452572,orsonlee2044@protonmail.com,355-973 Elit St.
Ingrid Johnson,+201047744282,ingridjohnson343@yahoo.com,"P.O. Box 333, 5028 Duis Rd."
Wyatt Coleman,+201567653163,wyattcoleman@icloud.net,Ap #473-1432 Dolor St.
Jermaine Dixon,+201211337521,jermainedixon@hotmail.net,"P.O. Box 783, 5947 Velit. Ave"
Addison Rice,+201063778644,addisonrice@protonmail.com,4569 Mi Road
Belle Estrada,+201082157854,belleestrada1011@yahoo.net,5539 Nunc Av.
Graiden Fox,+201546359658,graidenfox6500@google.ca,"P.O. Box 673, 525 Ut St."
Damian Henderson,+201243665466,damianhenderson5947@google.net,212-4505 Nibh Road
Axel Nguyen,+201216302869,axelnguyen1014@aol.org,Ap #682-6932 Facilisis. Av.
Ainsley Williams,+201087248218,ainsleywilliams1906@google.org,"P.O. Box 811, 7719 Ipsum. Road"
Seth Taylor,+201147745479,sethtaylor@google.couk,"497-7907 Ut, Avenue"
Cailin Chen,+201587284523,cailinchen@yahoo.couk,342-3376 Ipsum Avenue
Jason Cooper,+201093146198,jasoncooper@outlook.org,390-1530 Sem Street
Jasmine Willis,+201151490479,jasminewillis@outlook.couk,"P.O. Box 854, 4831 Arcu Road"
Chadwick Jimenez,+201262989220,chadwickjimenez2803@google.ca,Ap #621-8468 Tempus Rd.
Gil Harvey,+201055484431,gilharvey@hotmail.com,180-5092 Auctor Road
Raphael Carpenter,+201024306253,raphaelcarpenter555@hotmail.ca,"P.O. Box 824, 1712 Sociis Rd."
Eric Simmons,+201546266448,ericsimmons5632@outlook.edu,9632 Lobortis St.
Francesca Williamson,+201144388662,francescawilliamson@google.net,967-4703 Nisi Rd.
Bertha Lee,+201026566846,berthalee5972@icloud.org,Ap #159-6084 Convallis Av.
Noelle Richardson,+201512314551,noellerichardson8045@icloud.edu,503-1041 Dictum Av.
Paloma Fowler,+201165988719,palomafowler@google.org,"466-5356 Erat, Rd."
Dominique Campbell,+201193156662,dominiquecampbell1855@yahoo.ca,"P.O. Box 516, 5343 Convallis Road"
Cooper Welch,+201577049317,cooperwelch6485@icloud.ca,615-8581 Pretium St.
Jolene Little,+201545781997,jolenelittle@google.ca,Ap #994-3634 Nullam St.
Hadley Hudson,+201282146186,hadleyhudson@hotmail.edu,292-9947 A Av.
Zachery Franklin,+201136086787,zacheryfranklin444@outlook.edu,374-9259 Mauris Road
Shafira Johnston,+201075918710,shafirajohnston1531@google.org,Ap #724-8473 Natoque Rd.
Ulla Munoz,+201025982001,ullamunoz@yahoo.net,948-6345 Aenean Av.
Desirae Ellis,+201571054472,desiraeellis9626@outlook.net,"7716 Tincidunt, St."
Vernon Li,+201075655525,vernonli@yahoo.edu,874-7962 Sociosqu St.
Merrill Ramirez,+201086410895,merrillramirez@aol.net,"9151 Sem, Rd."
Alvin Guerrero,+201271706164,alvinguerrero@protonmail.couk,205-2577 Et Av.
Chester Williams,+201539853724,chesterwilliams@google.org,Ap #366-886 Sed Avenue
Hedley Gomez,+201297339510,hedleygomez@google.ca,466-4646 Vitae Av.
Alan Kennedy,+201516461133,alankennedy2838@yahoo.ca,110-8398 Molestie. Avenue
Karly Kim,+201036710961,karlykim@hotmail.org,Ap #302-4935 Dictum Road
Portia Jenkins,+201572678269,portiajenkins4500@aol.org,Ap #917-4815 Orci St.
Leah Cooper,+201534731935,leahcooper@protonmail.org,5059 Proin Road
Alfonso Wang,+201115673825,alfonsowang@aol.ca,"107-2919 Pede, Rd."
Allen Black,+201097684732,allenblack@hotmail.couk,851-5395 Nascetur Ave
Kristen Valdez,+201233953660,kristenvaldez5459@outlook.net,693-4589 Elit. Street
Reagan Lane,+201023228392,reaganlane@icloud.org,Ap #213-4772 Sagittis. Road
Evan Medina,+201511302711,evanmedina@icloud.org,1536 Habitant Rd.
Logan Jones,+201054024502,loganjones@icloud.net,9046 Luctus. Rd.
Yardley Vazquez,+201515931557,yardleyvazquez5682@icloud.edu,"P.O. Box 384, 8671 Rhoncus. St."
Grace Morrison,+201251564371,gracemorrison3229@protonmail.com,Ap #586-3504 Dolor Rd.
Selma Olson,+201120226107,selmaolson@outlook.com,"P.O. Box 563, 9914 Nunc, St."
Baxter Weaver,+201125467336,baxterweaver6468@icloud.couk,"Ap #545-2489 Tempus, Road"
Fuller Murphy,+201027334481,fullermurphy@aol.com,630-3238 Quis Avenue
Benedict Hansen,+201032644714,benedicthansen7239@outlook.couk,7499 Arcu Road
Hall Burton,+201574458433,hallburton8963@aol.net,2358 Eget Rd.
Echo Richardson,+201019673956,echorichardson3022@aol.org,6779 In Rd.
Kirby Webb,+201519447656,kirbywebb8917@google.ca,"P.O. Box 648, 9707 Cras Ave"
Maile Meyer,+201525460716,mailemeyer7099@google.com,"P.O. Box 912, 1777 Proin Rd."
Nell Cruz,+201038212455,nellcruz@protonmail.couk,9567 Vitae Ave
Quemby Wells,+201297382722,quembywells5329@yahoo.edu,6539 Et Ave
Aristotle Knight,+201535525884,aristotleknight5838@protonmail.com,Ap #421-2037 Ante Road
Slade Harper,+201161364700,sladeharper9321@protonmail.org,Ap #876-3166 Molestie Ave
Ross Evans,+201080066898,rossevans@google.couk,"P.O. Box 892, 585 Suspendisse Rd."
Shannon Castillo,+201038413628,shannoncastillo@hotmail.ca,"112-4961 Vel, Rd."
Laura Russell,+201218800829,laurarussell@outlook.com,"Ap #682-8557 Tempor, St."
Nehru Henderson,+201557442771,nehruhenderson@protonmail.net,"628-4883 Vel, Rd."
Hoyt Marshall,+201073085304,hoytmarshall@icloud.couk,449-4086 Venenatis Ave
Serena Estrada,+201188437931,serenaestrada3831@outlook.com,1081 Lobortis Ave
Salvador Stephens,+201589797852,salvadorstephens@protonmail.net,"P.O. Box 628, 1821 Magna Av."
Jescie Green,+201288338745,jesciegreen3835@protonmail.org,174-1998 Sem. Avenue
Carlos Allen,+201231633344,carlosallen1813@yahoo.net,171-7720 Eros St.
Adena Silva,+201158095420,adenasilva@protonmail.ca,3113 Auctor Avenue
Evangeline Hughes,+201574848676,evangelinehughes8686@yahoo.com,378-355 Fames St.
Jolene Alvarado,+201031694332,jolenealvarado@google.edu,"Ap #288-1342 Enim, Av."
Colin Morales,+201585465650,colinmorales@protonmail.ca,Ap #675-1341 Aliquam Rd.
Velma Elliott,+201087717013,velmaelliott@aol.net,Ap #514-568 Pharetra. Av.
Brent Luna,+201272363418,brentluna@google.net,180-9148 Justo Rd.
Stewart Willis,+201221182527,stewartwillis@outlook.net,4993 Ac Street
Ross Fowler,+201254876744,rossfowler6189@outlook.com,810-6449 Lectus Ave
Desiree Tran,+201556391251,desireetran@aol.couk,110-3683 Egestas St.
Ima Porter,+201577803554,imaporter4657@outlook.couk,Ap #717-7687 Purus Avenue
Mechelle Peterson,+201248341998,mechellepeterson@protonmail.com,"496-491 Sed, Av."
Aristotle Fowler,+201066253387,aristotlefowler1879@icloud.org,168-155 Quisque Rd.
Paul Park,+201254640211,paulpark@google.com,"P.O. Box 964, 9088 Gravida Rd."
Ivory Castro,+201114257450,ivorycastro6925@google.com,237-5790 Nisl Rd.
Reuben Perkins,+201503035672,reubenperkins@icloud.net,"P.O. Box 977, 2942 Vestibulum Rd."
Brooke Johnson,+201039787117,brookejohnson@icloud.couk,Ap #554-7344 Ligula. Ave
Arden Montgomery,+201527187897,ardenmontgomery3394@aol.net,2522 Sed Road
Dexter Fowler,+201066287734,dexterfowler978@google.net,5027 Non St.
Duncan Cunningham,+201163272385,duncancunningham9080@outlook.ca,4918 Est. Rd.
Illana Garrett,+201261028467,illanagarrett8155@google.net,"Ap #473-1228 Mauris, Avenue"
Coby Watkins,+201087536295,cobywatkins@icloud.org,"P.O. Box 177, 4393 Scelerisque Road"
Ursa Thompson,+201033287462,ursathompson7512@protonmail.net,566-5400 Nisl Ave
Malcolm Nelson,+201588108842,malcolmnelson@google.ca,454-6628 Sollicitudin Ave
Rajah Russell,+201178832748,rajahrussell@aol.edu,Ap #189-8798 Luctus St.
Francesca Harris,+201125703171,francescaharris@google.com,"Ap #474-263 Sem, Av."
Austin Price,+201118633549,austinprice1135@hotmail.ca,Ap #910-7285 Eu Rd.
Kay Luna,+201578981747,kayluna@outlook.ca,119 Cursus. Avenue
Marvin Lopez,+201224181367,marvinlopez8964@google.org,275-8347 Sapien Road
Knox Lopez,+201577620317,knoxlopez7868@outlook.edu,"792-4678 Dolor, St."
Chanda Bailey,+201227574824,chandabailey@hotmail.com,"P.O. Box 983, 6146 Quisque St."
Keiko Mitchell,+201049119674,keikomitchell8360@outlook.edu,Ap #176-2341 At Road
Ursa Phillips,+201045864199,ursaphillips7413@icloud.org,4962 Mollis Avenue
Francis Peterson,+201148098352,francispeterson8812@outlook.org,6509 Per Av.
Azalia Rojas,+201503353506,azaliarojas8000@aol.ca,Ap #780-5424 Blandit Road
Sawyer Moore,+201131546583,sawyermoore@hotmail.net,"123-3291 Lobortis, Street"
Roanna Hunter,+201283905119,roannahunter@yahoo.edu,"Ap #822-4649 Vitae, Road"
Avram Harris,+201555290076,avramharris8476@aol.edu,251-8327 Pede Rd.
Jenna Luna,+201004638477,jennaluna@hotmail.couk,Ap #479-8975 Aliquet St.
